Complaint_Text,Category,Name,Roll_No,Regd_No,Hostel_No,Room_No,Confidential
The washroom lights are not functioning on my floor.,hostel,James Williamson,206699,2021UGME110,4,241,False
Classes are being cancelled without prior notice.,academic,Anonymous,-,-,-,-,True
I haven't received my ID card.,admin,Richard Sanchez,213439,2021UGEE198,8,431,False
Fan is not working in my room.,hostel,Patrick Perry,212573,2025UGEE235,1,266,False
Wi-Fi is not working since 2 days.,hostel,Robin Stewart,203066,2022UGCS358,4,224,False
The washroom lights are not functioning on my floor.,hostel,Mary Tran,214837,2022UGEE325,1,150,False
There is a delay in getting my documents verified.,admin,Julie Moreno,194794,2025UGCS877,8,175,False
Classes are being cancelled without prior notice.,academic,Anonymous,-,-,-,-,True
My scholarship has not been processed yet.,admin,Johnny Richardson,209145,2020UGME632,6,312,False
The examination form portal is not working properly.,admin,Hannah Henderson,209221,2018UGCE218,1,210,False
The admin office is not responding to emails.,admin,Joshua Ochoa,201327,2018UGME498,3,188,False
Wi-Fi is not working since 2 days.,hostel,Eric Vega,190082,2025UGME166,3,425,False
The admin office is not responding to emails.,admin,Erica Lawson,196091,2025UGCE370,6,108,False
The washroom lights are not functioning on my floor.,hostel,Alexis Carr,193125,2021UGME593,3,416,False
There is a delay in getting my documents verified.,admin,Kenneth Martin,199386,2021UGCE781,1,450,False
The washroom lights are not functioning on my floor.,hostel,Jennifer Parker,208066,2023UGEE788,1,414,False
Fan is not working in my room.,hostel,Jeff Wagner,218439,2024UGME356,1,309,False
The washroom lights are not functioning on my floor.,hostel,Christian Gibson,194052,2019UGME706,1,200,False
There is a water leakage in the washroom.,hostel,Jessica Gonzalez,193711,2021UGCS450,5,111,False
My scholarship has not been processed yet.,admin,Susan Perez,217188,2018UGCE381,1,268,False
Wi-Fi is not working since 2 days.,hostel,Roger Morgan,217719,2020UGEE903,1,331,False
Mess food quality is very poor.,hostel,James Morris,195964,2022UGME490,3,341,False
Wi-Fi is not working since 2 days.,hostel,Courtney Stein,211753,2021UGME560,5,400,False
Wi-Fi is not working since 2 days.,hostel,Robin Haynes,199713,2018UGME726,5,144,False
Teacher is biased towards certain students.,academic,Anonymous,-,-,-,-,True
Wi-Fi is not working since 2 days.,hostel,Kristopher Chase,215294,2021UGEE527,8,448,False
Fan is not working in my room.,hostel,Christy Morris,214976,2018UGEE507,6,171,False
Fan is not working in my room.,hostel,Lori Chen,191810,2024UGEE666,8,110,False
The washroom lights are not functioning on my floor.,hostel,Angela Rivera,217260,2020UGCS190,4,394,False
The admin office is not responding to emails.,admin,William Lewis,213717,2025UGME232,3,270,False
Fan is not working in my room.,hostel,David Lewis,191800,2019UGME339,3,409,False
Fan is not working in my room.,hostel,Travis Aguilar,202920,2019UGEE595,3,447,False
Syllabus is not being completed on time.,academic,Anonymous,-,-,-,-,True
The washroom lights are not functioning on my floor.,hostel,Andrew Smith,208436,2019UGEE528,6,126,False
There is a delay in getting my documents verified.,admin,Sheryl Harrison,218721,2024UGCE697,3,216,False
Our lab lacks proper equipment.,academic,Anonymous,-,-,-,-,True
The washroom lights are not functioning on my floor.,hostel,Savannah Farmer,214145,2019UGCS472,4,325,False
There is a delay in getting my documents verified.,admin,Kelsey Johnson,205759,2023UGME466,7,423,False
Mess food quality is very poor.,hostel,Charles Gonzales,194748,2022UGCE367,6,195,False
Fan is not working in my room.,hostel,Frank Singh,211576,2024UGCS372,7,304,False
My scholarship has not been processed yet.,admin,Michelle Johnson,202449,2018UGCS604,6,187,False
There is a delay in getting my documents verified.,admin,Andrea Mcbride,214483,2024UGCS638,7,404,False
Teacher humiliates students during class.,academic,Anonymous,-,-,-,-,True
Classes are being cancelled without prior notice.,academic,Jeremy Gonzalez,207662,2020UGEE225,1,331,False
The washroom lights are not functioning on my floor.,hostel,Angela Nicholson,190676,2019UGCE547,2,256,False
Our lab lacks proper equipment.,academic,Anonymous,-,-,-,-,True
There is a delay in getting my documents verified.,admin,Alexander Mcconnell,197150,2023UGEE702,5,272,False
Wi-Fi is not working since 2 days.,hostel,Tammy Cook,193540,2023UGCE859,5,190,False
There is a delay in getting my documents verified.,admin,Margaret Hill,207777,2022UGCS970,4,141,False
Fan is not working in my room.,hostel,Richard Reid,215025,2020UGCE476,3,282,False
Classes are being cancelled without prior notice.,academic,Anonymous,-,-,-,-,True
Fan is not working in my room.,hostel,Pedro Young,214209,2021UGCS578,1,447,False
Mess food quality is very poor.,hostel,Jesse Reyes,192054,2020UGEE380,8,304,False
Wi-Fi is not working since 2 days.,hostel,Brian Villegas,200349,2020UGEE249,4,209,False
The washroom lights are not functioning on my floor.,hostel,Paul Mahoney,214314,2020UGEE290,3,322,False
Wi-Fi is not working since 2 days.,hostel,Robert Brown,209124,2021UGCE186,2,354,False
Syllabus is not being completed on time.,academic,Anonymous,-,-,-,-,True
The washroom lights are not functioning on my floor.,hostel,Alyssa Palmer,202863,2018UGCS912,7,166,False
There is a delay in getting my documents verified.,admin,Teresa Torres,212201,2018UGEE906,2,363,False
My scholarship has not been processed yet.,admin,Kevin Ellis,193321,2021UGCE630,1,109,False
Mess food quality is very poor.,hostel,Maxwell Ward,201409,2022UGME619,2,285,False
Teacher humiliates students during class.,academic,Anonymous,-,-,-,-,True
The washroom lights are not functioning on my floor.,hostel,Connie Blair,214721,2023UGEE351,3,369,False
I haven't received my ID card.,admin,Willie Collins,209260,2021UGEE867,7,139,False
Wi-Fi is not working since 2 days.,hostel,Katie Hamilton,192566,2019UGEE333,2,361,False
Fan is not working in my room.,hostel,Alex Lee,203002,2020UGCS826,2,314,False
Mess food quality is very poor.,hostel,Cheyenne Smith,195446,2024UGEE428,4,210,False
Our lab lacks proper equipment.,academic,Bradley Lewis,192701,2020UGCS753,2,381,False
Syllabus is not being completed on time.,academic,Anonymous,-,-,-,-,True
Teacher is biased towards certain students.,academic,Randy Williams,192996,2020UGEE416,2,415,False
Our lab lacks proper equipment.,academic,Anonymous,-,-,-,-,True
Classes are being cancelled without prior notice.,academic,Anonymous,-,-,-,-,True
Mess food quality is very poor.,hostel,Jessica Hayes,200342,2019UGME542,2,437,False
Classes are being cancelled without prior notice.,academic,Timothy Parker,197836,2024UGEE138,1,247,False
The examination form portal is not working properly.,admin,Paul Fox,198139,2019UGCS501,7,341,False
There is a water leakage in the washroom.,hostel,Jason Murphy,212927,2025UGME681,5,123,False
The washroom lights are not functioning on my floor.,hostel,Roberto Holmes,217890,2020UGEE366,2,404,False
Fan is not working in my room.,hostel,James Trujillo,202795,2020UGCS550,6,446,False
Teacher humiliates students during class.,academic,Anonymous,-,-,-,-,True
Wi-Fi is not working since 2 days.,hostel,Sheryl Young,203304,2022UGEE480,6,400,False
The examination form portal is not working properly.,admin,Lisa Jordan,197238,2024UGEE865,1,421,False
There is a water leakage in the washroom.,hostel,Victoria Moore,216254,2025UGME805,1,193,False
Teacher humiliates students during class.,academic,Anonymous,-,-,-,-,True
There is a water leakage in the washroom.,hostel,James Martinez,191242,2019UGME738,2,120,False
Syllabus is not being completed on time.,academic,Anonymous,-,-,-,-,True
There is a delay in getting my documents verified.,admin,Tammy Cook,194934,2025UGME352,7,128,False
Classes are being cancelled without prior notice.,academic,Anonymous,-,-,-,-,True
There is a water leakage in the washroom.,hostel,Ethan Moreno,218095,2025UGME707,2,136,False
The admin office is not responding to emails.,admin,Scott Dawson,190910,2025UGEE801,6,241,False
The admin office is not responding to emails.,admin,Samuel Sosa,200780,2023UGCE930,8,441,False
My scholarship has not been processed yet.,admin,Natasha Mills,191731,2020UGEE696,2,303,False
Syllabus is not being completed on time.,academic,Anonymous,-,-,-,-,True
Syllabus is not being completed on time.,academic,Anonymous,-,-,-,-,True
I haven't received my ID card.,admin,Willie Medina,206671,2025UGCE891,2,165,False
My scholarship has not been processed yet.,admin,Holly Donovan,195239,2023UGME236,7,188,False
Mess food quality is very poor.,hostel,Charles Williams,205332,2024UGME396,5,119,False
The washroom lights are not functioning on my floor.,hostel,Tyler Kim,216955,2019UGEE175,2,388,False
Fan is not working in my room.,hostel,Aaron Molina,215002,2025UGCE470,6,213,False
There is a delay in getting my documents verified.,admin,Michael Lopez,213222,2019UGCS327,7,332,False
Fan is not working in my room.,hostel,Michael Tanner,212494,2021UGEE216,2,323,False
There is a delay in getting my documents verified.,admin,Nancy Carter,213903,2023UGCS605,4,176,False
The washroom lights are not functioning on my floor.,hostel,Miss Emily Arnold,197770,2022UGCE510,5,378,False
The examination form portal is not working properly.,admin,Eric Hayden,212775,2019UGME563,8,290,False
Fan is not working in my room.,hostel,Joy Wood,194310,2019UGME779,2,109,False
Fan is not working in my room.,hostel,Sergio Brown,201083,2019UGME847,5,114,False
My scholarship has not been processed yet.,admin,Susan Salas,200792,2021UGCE561,8,267,False
There is a water leakage in the washroom.,hostel,Timothy Turner,218230,2018UGCS497,3,214,False
Teacher is biased towards certain students.,academic,Anonymous,-,-,-,-,True
There is a delay in getting my documents verified.,admin,Carrie Waters,196531,2022UGCE927,7,296,False
Teacher humiliates students during class.,academic,Anonymous,-,-,-,-,True
Our lab lacks proper equipment.,academic,Lindsay Campbell,192205,2021UGCS129,5,109,False
Wi-Fi is not working since 2 days.,hostel,Paula Li,203063,2025UGEE808,8,201,False
Mess food quality is very poor.,hostel,Karla Johnson,203027,2023UGCE606,4,359,False
There is a delay in getting my documents verified.,admin,Diana Johnson,194928,2018UGEE773,3,269,False
The examination form portal is not working properly.,admin,Mary Clark,191767,2023UGME211,5,390,False
Classes are being cancelled without prior notice.,academic,Anonymous,-,-,-,-,True
The admin office is not responding to emails.,admin,Corey Pittman,213150,2018UGCE920,4,354,False
Teacher humiliates students during class.,academic,Anonymous,-,-,-,-,True
There is a delay in getting my documents verified.,admin,Victoria Alvarado,208578,2023UGCS116,1,357,False
The admin office is not responding to emails.,admin,Joanna Davis,204107,2023UGCE275,6,113,False
There is a water leakage in the washroom.,hostel,Katherine Glenn,196527,2023UGEE698,2,270,False
There is a water leakage in the washroom.,hostel,Christopher Anthony PhD,190581,2022UGME862,5,198,False
There is a delay in getting my documents verified.,admin,Thomas King,190665,2025UGCS228,1,289,False
The washroom lights are not functioning on my floor.,hostel,Katelyn Rivera,219432,2022UGCS156,7,446,False
Syllabus is not being completed on time.,academic,Kathryn Brown,218599,2019UGME330,4,117,False
There is a water leakage in the washroom.,hostel,Jenny Watkins,208694,2021UGCS104,5,341,False
Wi-Fi is not working since 2 days.,hostel,Christopher Sherman,203419,2023UGME505,8,346,False
There is a water leakage in the washroom.,hostel,Ashley Leon,211775,2020UGEE430,8,145,False
Our lab lacks proper equipment.,academic,Anonymous,-,-,-,-,True
Fan is not working in my room.,hostel,Andre Jackson,204261,2025UGCE813,5,313,False
Wi-Fi is not working since 2 days.,hostel,Paul Parker PhD,207546,2025UGEE625,7,421,False
My scholarship has not been processed yet.,admin,James Goodwin,204834,2022UGCS907,8,137,False
Teacher is biased towards certain students.,academic,Jeffrey Schultz,209840,2021UGCS237,3,155,False
Wi-Fi is not working since 2 days.,hostel,Brooke Cabrera,201048,2024UGEE302,5,334,False
There is a delay in getting my documents verified.,admin,Aaron Strong,197308,2018UGEE963,7,168,False
Classes are being cancelled without prior notice.,academic,Anonymous,-,-,-,-,True
Mess food quality is very poor.,hostel,Mark Salazar,197918,2021UGCS249,7,300,False
The washroom lights are not functioning on my floor.,hostel,Danielle Brown,213747,2022UGME598,3,400,False
Teacher humiliates students during class.,academic,Anonymous,-,-,-,-,True
Teacher is biased towards certain students.,academic,Anonymous,-,-,-,-,True
My scholarship has not been processed yet.,admin,Samantha Perry,194825,2021UGME637,6,153,False
Fan is not working in my room.,hostel,Catherine Fletcher,212335,2022UGME882,4,191,False
Teacher is biased towards certain students.,academic,Robin Yu,209154,2024UGME529,5,224,False
Teacher is biased towards certain students.,academic,Melissa Ruiz,219285,2022UGME443,4,383,False
Wi-Fi is not working since 2 days.,hostel,Kaitlin Tucker,195942,2018UGCS428,1,438,False
Mess food quality is very poor.,hostel,Kristin Morgan,216691,2018UGEE954,7,157,False
The washroom lights are not functioning on my floor.,hostel,Allison Hart,203409,2021UGEE351,7,202,False
Mess food quality is very poor.,hostel,Logan Stewart,191473,2018UGCS432,6,338,False
Syllabus is not being completed on time.,academic,Anonymous,-,-,-,-,True
Fan is not working in my room.,hostel,Calvin Woodard,209931,2018UGME240,8,260,False
My scholarship has not been processed yet.,admin,Stephen Gibbs,190675,2022UGME978,7,142,False
The examination form portal is not working properly.,admin,James Brown,217536,2025UGME126,3,241,False
Wi-Fi is not working since 2 days.,hostel,Bryan Carter,197711,2018UGCE670,6,317,False
The washroom lights are not functioning on my floor.,hostel,Jesse Hahn,215605,2024UGCS416,2,190,False
The washroom lights are not functioning on my floor.,hostel,Thomas Williams,193972,2020UGCE887,8,299,False
The admin office is not responding to emails.,admin,Harold Dixon,209672,2019UGCS902,5,335,False
Mess food quality is very poor.,hostel,Jason Thomas,213635,2021UGCS734,7,246,False
Classes are being cancelled without prior notice.,academic,Anonymous,-,-,-,-,True
Fan is not working in my room.,hostel,Ms. Sherry Spencer,193713,2025UGME374,8,417,False
Classes are being cancelled without prior notice.,academic,Anonymous,-,-,-,-,True
Mess food quality is very poor.,hostel,Laura Merritt,197297,2023UGCS379,1,329,False
Our lab lacks proper equipment.,academic,Anonymous,-,-,-,-,True
Mess food quality is very poor.,hostel,Elizabeth Ramirez,200655,2022UGCE479,4,188,False
Teacher is biased towards certain students.,academic,Anonymous,-,-,-,-,True
There is a water leakage in the washroom.,hostel,Julie Tapia,200938,2020UGME434,6,133,False
I haven't received my ID card.,admin,Christine Ramirez,198840,2020UGEE312,7,162,False
Fan is not working in my room.,hostel,Benjamin Smith,194423,2021UGCS442,2,308,False
Classes are being cancelled without prior notice.,academic,Anonymous,-,-,-,-,True
Teacher is biased towards certain students.,academic,Anonymous,-,-,-,-,True
There is a water leakage in the washroom.,hostel,Lucas Hill,195086,2021UGEE168,3,407,False
The washroom lights are not functioning on my floor.,hostel,Mark Davis,190265,2018UGEE626,7,312,False
There is a water leakage in the washroom.,hostel,Erica Savage,205814,2022UGCS776,8,308,False
I haven't received my ID card.,admin,Samuel Arroyo,204902,2025UGME691,5,433,False
Fan is not working in my room.,hostel,Troy Washington,195571,2022UGEE724,6,166,False
My scholarship has not been processed yet.,admin,Mikayla Price,212507,2025UGCS977,1,311,False
Teacher humiliates students during class.,academic,James Dean,216769,2024UGEE602,2,238,False
The examination form portal is not working properly.,admin,Shari Young,210197,2019UGCE105,7,315,False
Mess food quality is very poor.,hostel,David Wood,209458,2024UGME717,5,389,False
The examination form portal is not working properly.,admin,Andrew Warren,217910,2020UGEE358,3,328,False
I haven't received my ID card.,admin,Chad Price,199346,2022UGEE902,2,133,False
Fan is not working in my room.,hostel,Brandon Davis,203705,2022UGCE295,6,211,False
There is a water leakage in the washroom.,hostel,Michael Nelson,214323,2019UGCE120,8,333,False
Classes are being cancelled without prior notice.,academic,Michael Logan,191507,2023UGME201,2,111,False
Classes are being cancelled without prior notice.,academic,Anonymous,-,-,-,-,True
Fan is not working in my room.,hostel,Timothy English,218957,2020UGCS621,2,254,False
Mess food quality is very poor.,hostel,Kyle Chambers,207885,2023UGCS698,8,174,False
Wi-Fi is not working since 2 days.,hostel,Michael Carter,212220,2023UGCS337,3,414,False
The admin office is not responding to emails.,admin,Trevor Caldwell,201671,2019UGME319,7,409,False
Our lab lacks proper equipment.,academic,Anonymous,-,-,-,-,True
My scholarship has not been processed yet.,admin,Jennifer Escobar,190001,2024UGCE498,3,133,False
I haven't received my ID card.,admin,Mary Salazar,190560,2018UGEE672,3,122,False
Classes are being cancelled without prior notice.,academic,Anonymous,-,-,-,-,True
My scholarship has not been processed yet.,admin,Stephanie Harris,200546,2019UGME778,5,139,False
Fan is not working in my room.,hostel,John Dunn,216183,2025UGEE288,1,289,False
Teacher humiliates students during class.,academic,Michael Christensen,212697,2024UGME122,3,168,False
I haven't received my ID card.,admin,Shannon Gonzalez,197429,2023UGME306,1,406,False
The washroom lights are not functioning on my floor.,hostel,Christina Evans,216570,2025UGME341,1,250,False
There is a water leakage in the washroom.,hostel,Christy Myers,197818,2018UGEE230,8,433,False
Teacher is biased towards certain students.,academic,Anonymous,-,-,-,-,True
There is a water leakage in the washroom.,hostel,Anthony Thompson,196671,2024UGCE376,5,142,False
Classes are being cancelled without prior notice.,academic,Anonymous,-,-,-,-,True
The washroom lights are not functioning on my floor.,hostel,Andrew Sims,203908,2021UGCE930,4,267,False
The admin office is not responding to emails.,admin,Nicole Mason,210795,2025UGCS970,4,294,False
Fan is not working in my room.,hostel,Olivia Salazar,198610,2022UGME381,3,443,False
The washroom lights are not functioning on my floor.,hostel,Dr. Diana Perez,198697,2020UGME920,6,431,False
There is a delay in getting my documents verified.,admin,Matthew Hernandez,204161,2018UGCE691,4,434,False
Teacher humiliates students during class.,academic,Kimberly Yates,214221,2021UGCE137,8,239,False
Fan is not working in my room.,hostel,Tracy Edwards,214946,2022UGEE234,1,113,False
My scholarship has not been processed yet.,admin,Andrea Nunez,218646,2021UGCS844,8,431,False
Our lab lacks proper equipment.,academic,Hunter Harrison,204270,2021UGCS726,6,313,False
The washroom lights are not functioning on my floor.,hostel,Nicole Castro,190292,2024UGCS680,2,374,False
I haven't received my ID card.,admin,William Graham,199932,2021UGCS241,2,238,False
My scholarship has not been processed yet.,admin,Joshua Johnson,206689,2018UGME533,8,230,False
There is a water leakage in the washroom.,hostel,Randy Shaw,213054,2022UGEE655,6,356,False
There is a water leakage in the washroom.,hostel,Sherri Fox,212430,2020UGCE590,2,204,False
The washroom lights are not functioning on my floor.,hostel,Jenna Deleon,205219,2025UGEE180,2,304,False
Our lab lacks proper equipment.,academic,Anonymous,-,-,-,-,True
The examination form portal is not working properly.,admin,Kevin Mccarthy,205956,2025UGCS745,5,348,False
I haven't received my ID card.,admin,Sarah Klein,190686,2018UGEE523,7,444,False
The washroom lights are not functioning on my floor.,hostel,Vanessa Henderson,216522,2018UGME125,7,156,False
Mess food quality is very poor.,hostel,John Melendez,200029,2019UGCE993,1,402,False
Mess food quality is very poor.,hostel,Jimmy Avila,204263,2023UGCS624,8,377,False
The washroom lights are not functioning on my floor.,hostel,Kathy Hunter,205264,2024UGEE536,7,230,False
Classes are being cancelled without prior notice.,academic,Joel Shea,197259,2022UGME810,3,243,False
Teacher is biased towards certain students.,academic,Anonymous,-,-,-,-,True
Wi-Fi is not working since 2 days.,hostel,Chelsea Banks,214500,2019UGME438,4,131,False
Mess food quality is very poor.,hostel,Tasha Kelley,211141,2022UGME681,2,107,False
There is a water leakage in the washroom.,hostel,Heidi Jones,213700,2025UGCE763,1,152,False
Syllabus is not being completed on time.,academic,Anonymous,-,-,-,-,True
Teacher is biased towards certain students.,academic,Anonymous,-,-,-,-,True
My scholarship has not been processed yet.,admin,Lindsey Williams,199734,2020UGEE459,6,112,False
The washroom lights are not functioning on my floor.,hostel,Scott White,200990,2022UGCS319,2,294,False
Mess food quality is very poor.,hostel,Brandon Santos,199465,2022UGCS708,6,443,False
I haven't received my ID card.,admin,Ashley Shields,208856,2023UGEE353,2,316,False
Teacher is biased towards certain students.,academic,Anonymous,-,-,-,-,True
The washroom lights are not functioning on my floor.,hostel,Kyle Phillips,192299,2024UGCE568,4,152,False
There is a water leakage in the washroom.,hostel,Ashley Reyes,202358,2021UGME609,5,201,False
My scholarship has not been processed yet.,admin,David Mann,208260,2019UGME779,8,232,False
Mess food quality is very poor.,hostel,Colleen Lewis,200207,2023UGEE876,7,164,False
Syllabus is not being completed on time.,academic,Anonymous,-,-,-,-,True
There is a water leakage in the washroom.,hostel,Joshua Klein,211085,2020UGEE668,8,431,False
The washroom lights are not functioning on my floor.,hostel,Eric Hall,211337,2023UGME722,3,170,False
Teacher is biased towards certain students.,academic,Bryan Cooper,214491,2025UGCS609,8,429,False
There is a delay in getting my documents verified.,admin,Terry Peterson,203010,2020UGCE429,8,310,False
Teacher is biased towards certain students.,academic,Anonymous,-,-,-,-,True
Our lab lacks proper equipment.,academic,Emily Cox,195652,2018UGCE185,1,431,False
Teacher is biased towards certain students.,academic,Mr. David Finley,215966,2022UGEE137,5,290,False
My scholarship has not been processed yet.,admin,Scott Merritt,219032,2020UGCE281,4,175,False
Classes are being cancelled without prior notice.,academic,Cory Green,190724,2020UGEE193,8,236,False
Syllabus is not being completed on time.,academic,Anonymous,-,-,-,-,True
Our lab lacks proper equipment.,academic,Anonymous,-,-,-,-,True
The admin office is not responding to emails.,admin,Phillip Johnson,215782,2022UGME325,1,187,False
Syllabus is not being completed on time.,academic,Anonymous,-,-,-,-,True
Our lab lacks proper equipment.,academic,Anonymous,-,-,-,-,True
Syllabus is not being completed on time.,academic,Anonymous,-,-,-,-,True
I haven't received my ID card.,admin,Patricia Lee,204567,2024UGME144,1,413,False
The examination form portal is not working properly.,admin,Michael Moran,191930,2023UGME296,7,320,False
Teacher humiliates students during class.,academic,Bradley Miller,209066,2020UGCE771,2,418,False
The washroom lights are not functioning on my floor.,hostel,Laura Contreras,218978,2022UGEE675,8,415,False
There is a water leakage in the washroom.,hostel,Betty Gutierrez,204027,2023UGCE408,4,367,False
Teacher is biased towards certain students.,academic,Anonymous,-,-,-,-,True
I haven't received my ID card.,admin,Patrick Davis,206590,2019UGME996,3,302,False
Fan is not working in my room.,hostel,Elizabeth Wheeler,207130,2023UGCS378,7,152,False
I haven't received my ID card.,admin,Karen Fitzpatrick,219748,2023UGCS657,6,227,False
My scholarship has not been processed yet.,admin,Laura Smith,203346,2018UGCS207,2,248,False
Wi-Fi is not working since 2 days.,hostel,Mia Smith,206026,2023UGCS428,7,350,False
Teacher is biased towards certain students.,academic,Anonymous,-,-,-,-,True
There is a water leakage in the washroom.,hostel,Michelle Alvarez,213128,2022UGME891,7,139,False
The washroom lights are not functioning on my floor.,hostel,Joel Young,216281,2024UGEE888,7,199,False
Teacher humiliates students during class.,academic,Anonymous,-,-,-,-,True
There is a delay in getting my documents verified.,admin,Kenneth Dorsey,199487,2021UGME433,4,433,False
Our lab lacks proper equipment.,academic,Anonymous,-,-,-,-,True
There is a delay in getting my documents verified.,admin,Dr. Laura Johnson,214516,2018UGCE965,2,248,False
There is a delay in getting my documents verified.,admin,Robert Harrison,212651,2024UGCS722,5,326,False
There is a delay in getting my documents verified.,admin,Christopher Nunez,205379,2019UGME511,6,389,False
Our lab lacks proper equipment.,academic,Brian Henry,194034,2025UGCS100,1,301,False
Our lab lacks proper equipment.,academic,Anonymous,-,-,-,-,True
The examination form portal is not working properly.,admin,Nancy Jenkins,196312,2019UGEE444,3,256,False
Mess food quality is very poor.,hostel,Norma Barron,190992,2020UGME538,5,328,False
Classes are being cancelled without prior notice.,academic,Anonymous,-,-,-,-,True
Syllabus is not being completed on time.,academic,Anonymous,-,-,-,-,True
Wi-Fi is not working since 2 days.,hostel,Cory Reid,193057,2022UGEE859,7,291,False
There is a water leakage in the washroom.,hostel,Damon Hernandez MD,196182,2022UGEE589,8,211,False
The washroom lights are not functioning on my floor.,hostel,Joshua Sanders,193492,2019UGCS810,1,139,False
There is a delay in getting my documents verified.,admin,James Williams,207791,2022UGEE190,5,103,False
Teacher is biased towards certain students.,academic,Gene Glenn,200342,2022UGEE242,2,131,False
Mess food quality is very poor.,hostel,Alejandro Brewer,202395,2018UGEE716,2,350,False
The washroom lights are not functioning on my floor.,hostel,Tammy Roberts,215191,2019UGEE933,2,361,False
The examination form portal is not working properly.,admin,Alexander Cain,192402,2021UGEE211,5,420,False
There is a water leakage in the washroom.,hostel,Lisa Garcia,213354,2020UGEE340,8,210,False
Classes are being cancelled without prior notice.,academic,Christine Richards,214048,2018UGCE824,2,251,False
Our lab lacks proper equipment.,academic,Anonymous,-,-,-,-,True
There is a water leakage in the washroom.,hostel,Samuel Vega,190918,2019UGEE699,2,299,False
Teacher humiliates students during class.,academic,Anonymous,-,-,-,-,True
Teacher is biased towards certain students.,academic,Elizabeth Ross,203738,2022UGCS671,2,432,False
Fan is not working in my room.,hostel,Deborah Williams,205820,2019UGCE211,4,443,False
Mess food quality is very poor.,hostel,Anthony Mccoy,190045,2019UGME985,1,289,False
Syllabus is not being completed on time.,academic,Daniel Gutierrez,209352,2020UGEE679,4,286,False
Wi-Fi is not working since 2 days.,hostel,Jeffrey Bennett,202560,2020UGME922,6,288,False
Our lab lacks proper equipment.,academic,Anonymous,-,-,-,-,True
Classes are being cancelled without prior notice.,academic,Kenneth Mullins,217557,2021UGCE324,3,232,False
Fan is not working in my room.,hostel,Christian Clay,211959,2018UGME241,2,374,False
Mess food quality is very poor.,hostel,Karen Campbell,196196,2023UGME321,3,172,False
There is a delay in getting my documents verified.,admin,Peter Elliott,192540,2024UGCS265,7,306,False
The examination form portal is not working properly.,admin,Sherri Moore,198018,2019UGEE888,6,225,False
I haven't received my ID card.,admin,Matthew Davis,208534,2024UGCE964,1,346,False
Syllabus is not being completed on time.,academic,Jason Harrison,219103,2021UGEE657,4,215,False
Syllabus is not being completed on time.,academic,Anonymous,-,-,-,-,True
Mess food quality is very poor.,hostel,Jason Gibson,209980,2023UGEE851,1,416,False
There is a delay in getting my documents verified.,admin,Angela Gibson,194981,2025UGEE931,1,253,False
Syllabus is not being completed on time.,academic,Anonymous,-,-,-,-,True
Wi-Fi is not working since 2 days.,hostel,Tyler Clark,197976,2021UGME319,7,136,False
Our lab lacks proper equipment.,academic,Leah Moore,212168,2022UGCE332,1,114,False
The washroom lights are not functioning on my floor.,hostel,Amanda Green,218932,2020UGCS496,5,135,False
My scholarship has not been processed yet.,admin,Willie Mccormick,201976,2023UGCS568,8,303,False
Classes are being cancelled without prior notice.,academic,Abigail Moore,219769,2025UGCS474,8,107,False
My scholarship has not been processed yet.,admin,Seth Elliott,195294,2018UGCE651,3,430,False
Syllabus is not being completed on time.,academic,Anonymous,-,-,-,-,True
There is a delay in getting my documents verified.,admin,Monica Farmer,202611,2024UGCE852,3,272,False
The washroom lights are not functioning on my floor.,hostel,David Kelly,199357,2018UGME664,6,126,False
Teacher is biased towards certain students.,academic,Brenda Copeland,204504,2024UGME349,5,430,False
I haven't received my ID card.,admin,Michael Ritter,203262,2020UGCE590,8,233,False
Our lab lacks proper equipment.,academic,Anonymous,-,-,-,-,True
Teacher humiliates students during class.,academic,Adam Dalton,213875,2024UGCE465,6,448,False
Teacher is biased towards certain students.,academic,Ashley Rhodes,200573,2025UGCS733,6,271,False
Syllabus is not being completed on time.,academic,Anonymous,-,-,-,-,True
Fan is not working in my room.,hostel,Shane Ross,200995,2020UGCE296,8,376,False
Our lab lacks proper equipment.,academic,Anonymous,-,-,-,-,True
Mess food quality is very poor.,hostel,Colleen Lopez,208706,2024UGCS884,2,360,False
There is a delay in getting my documents verified.,admin,Shelby Kelly,201376,2025UGEE839,5,250,False
Syllabus is not being completed on time.,academic,Anonymous,-,-,-,-,True
Syllabus is not being completed on time.,academic,Anonymous,-,-,-,-,True
The washroom lights are not functioning on my floor.,hostel,Dr. Michelle Walker,204071,2023UGME515,3,391,False
The examination form portal is not working properly.,admin,Tracy Benitez,199094,2022UGEE562,1,345,False
Teacher humiliates students during class.,academic,Brandi Fernandez,193369,2021UGCS583,4,417,False
There is a water leakage in the washroom.,hostel,Nathaniel Lowery,218637,2025UGEE557,7,227,False
Teacher humiliates students during class.,academic,Anonymous,-,-,-,-,True
There is a water leakage in the washroom.,hostel,Thomas Bowers,194046,2021UGME675,8,288,False
The examination form portal is not working properly.,admin,Lisa Larson,200156,2024UGCE355,2,229,False
There is a delay in getting my documents verified.,admin,Steven Baldwin,197422,2024UGEE307,1,211,False
Syllabus is not being completed on time.,academic,Anonymous,-,-,-,-,True
Our lab lacks proper equipment.,academic,Emily Nichols,211259,2025UGME874,8,294,False
Teacher is biased towards certain students.,academic,Anonymous,-,-,-,-,True
Teacher is biased towards certain students.,academic,Anonymous,-,-,-,-,True
Wi-Fi is not working since 2 days.,hostel,Deanna Mccormick,211752,2021UGCS694,4,299,False
Fan is not working in my room.,hostel,Michele Mitchell,193638,2022UGCE461,6,367,False
Syllabus is not being completed on time.,academic,Brent Jones,208094,2022UGME973,2,422,False
The washroom lights are not functioning on my floor.,hostel,Ryan Lewis,213994,2019UGCE690,2,318,False
There is a water leakage in the washroom.,hostel,Kathryn Black,195968,2025UGEE507,3,427,False
The washroom lights are not functioning on my floor.,hostel,Carolyn Chung,192687,2022UGEE330,8,389,False
Our lab lacks proper equipment.,academic,Robert Adams,215195,2019UGEE183,5,123,False
Fan is not working in my room.,hostel,Makayla Ward,211386,2020UGCE641,7,210,False
The examination form portal is not working properly.,admin,Larry Washington,200581,2025UGCE851,1,223,False
Syllabus is not being completed on time.,academic,Anonymous,-,-,-,-,True
My scholarship has not been processed yet.,admin,Ashley Spears,193911,2022UGEE844,1,434,False
Mess food quality is very poor.,hostel,Jennifer Garcia,192062,2019UGME508,6,346,False
There is a water leakage in the washroom.,hostel,Jill Torres,211637,2020UGME950,2,162,False
The examination form portal is not working properly.,admin,Cole Gross,190449,2020UGEE535,1,232,False
Teacher is biased towards certain students.,academic,Anonymous,-,-,-,-,True
Fan is not working in my room.,hostel,Bryan Richmond,213956,2021UGEE981,2,142,False
Fan is not working in my room.,hostel,Thomas Lester,211790,2023UGEE122,7,392,False
The examination form portal is not working properly.,admin,Brittany Roman,195352,2023UGCS636,3,195,False
The examination form portal is not working properly.,admin,Katrina Eaton,219643,2018UGEE790,1,138,False
The washroom lights are not functioning on my floor.,hostel,Ronald Taylor,199965,2025UGEE824,5,144,False
I haven't received my ID card.,admin,Andrea Doyle,204584,2022UGCE870,2,348,False
Wi-Fi is not working since 2 days.,hostel,Jesus Patton,195872,2022UGEE830,7,310,False
The washroom lights are not functioning on my floor.,hostel,Samantha Hall,215472,2022UGCS899,5,229,False
Syllabus is not being completed on time.,academic,Anonymous,-,-,-,-,True
Wi-Fi is not working since 2 days.,hostel,Danielle Coleman,215480,2018UGCS331,3,175,False
There is a water leakage in the washroom.,hostel,Tonya Williams,204906,2020UGCE558,8,160,False
The examination form portal is not working properly.,admin,Christina Lee,193329,2018UGCE415,5,302,False
The admin office is not responding to emails.,admin,Chad Valdez,209748,2021UGEE426,2,302,False
Wi-Fi is not working since 2 days.,hostel,Jose Collins,209702,2018UGCS690,5,421,False
Mess food quality is very poor.,hostel,Katie Flores,201910,2025UGME289,7,175,False
Wi-Fi is not working since 2 days.,hostel,Michael Luna,191398,2022UGCS841,6,193,False
Syllabus is not being completed on time.,academic,John Obrien,218132,2018UGCS825,5,194,False
I haven't received my ID card.,admin,Lauren West,199463,2024UGCS773,5,445,False
The examination form portal is not working properly.,admin,Kathy Jackson,198129,2022UGCS134,6,160,False
The admin office is not responding to emails.,admin,Timothy Blanchard,202460,2024UGCE414,4,439,False
My scholarship has not been processed yet.,admin,Jeremy Gonzalez,198587,2020UGME218,1,374,False
Fan is not working in my room.,hostel,Austin Garza,202039,2018UGME148,6,449,False
There is a water leakage in the washroom.,hostel,Paul Smith,196405,2025UGCE323,3,302,False
Our lab lacks proper equipment.,academic,Anonymous,-,-,-,-,True
I haven't received my ID card.,admin,Joan Rodriguez,202016,2019UGCS902,8,289,False
Fan is not working in my room.,hostel,Jacob Jones,194197,2018UGCS403,4,137,False
My scholarship has not been processed yet.,admin,Megan Perkins,208087,2020UGEE527,2,407,False
The washroom lights are not functioning on my floor.,hostel,Mark Ramirez,208289,2025UGME287,1,333,False
Syllabus is not being completed on time.,academic,Anonymous,-,-,-,-,True
The washroom lights are not functioning on my floor.,hostel,Anthony Contreras,191102,2021UGEE304,3,447,False
I haven't received my ID card.,admin,Fred Hopkins,213666,2020UGCE641,7,180,False
The washroom lights are not functioning on my floor.,hostel,Kelly Moreno,190011,2018UGCE847,6,289,False
Teacher humiliates students during class.,academic,Emily Lloyd,194132,2018UGCE107,4,220,False
Wi-Fi is not working since 2 days.,hostel,Joseph Solis MD,209520,2023UGCS674,2,356,False
Our lab lacks proper equipment.,academic,Anonymous,-,-,-,-,True
Teacher is biased towards certain students.,academic,Anonymous,-,-,-,-,True
Teacher is biased towards certain students.,academic,Anonymous,-,-,-,-,True
Teacher humiliates students during class.,academic,Anonymous,-,-,-,-,True
Teacher humiliates students during class.,academic,Anonymous,-,-,-,-,True
There is a delay in getting my documents verified.,admin,Cassie Alexander,203531,2018UGME304,5,292,False
Classes are being cancelled without prior notice.,academic,Anonymous,-,-,-,-,True
Syllabus is not being completed on time.,academic,Anonymous,-,-,-,-,True
There is a delay in getting my documents verified.,admin,Nicholas Bowen,204128,2024UGCE183,2,107,False
Teacher is biased towards certain students.,academic,Anonymous,-,-,-,-,True
Fan is not working in my room.,hostel,Clayton Garner,207318,2024UGCS281,6,236,False
Mess food quality is very poor.,hostel,Julia Ellis,202911,2020UGCE476,8,449,False
Fan is not working in my room.,hostel,Troy King,200822,2022UGME757,6,234,False
There is a water leakage in the washroom.,hostel,Sheryl Wood,196742,2023UGEE865,3,212,False
My scholarship has not been processed yet.,admin,Joe Swanson,219130,2024UGEE101,5,381,False
My scholarship has not been processed yet.,admin,Billy Peterson,203890,2018UGCE795,4,441,False
There is a water leakage in the washroom.,hostel,Greg Hall,205389,2018UGCS724,6,264,False
Fan is not working in my room.,hostel,Derrick Castillo,200175,2022UGCE525,2,362,False
Mess food quality is very poor.,hostel,Brittany Gonzalez,203107,2021UGEE749,7,335,False
I haven't received my ID card.,admin,Destiny Guzman,206071,2019UGCE127,8,232,False
My scholarship has not been processed yet.,admin,Elizabeth Caldwell,192755,2023UGCS212,4,318,False
I haven't received my ID card.,admin,Anthony Mason,191908,2021UGME158,5,140,False
The washroom lights are not functioning on my floor.,hostel,Juan Martinez,199296,2024UGCS238,4,307,False
The admin office is not responding to emails.,admin,Jeremy Hayes,191493,2022UGCE331,7,299,False
I haven't received my ID card.,admin,Brian French,205675,2024UGME942,2,227,False
There is a water leakage in the washroom.,hostel,Tiffany Ortiz,197858,2018UGME263,5,119,False
I haven't received my ID card.,admin,Stephanie Gutierrez,214338,2021UGME648,8,184,False
Classes are being cancelled without prior notice.,academic,Anonymous,-,-,-,-,True
Wi-Fi is not working since 2 days.,hostel,Jonathan Price,191370,2024UGCS206,4,437,False
Our lab lacks proper equipment.,academic,Joseph Fuller,216259,2023UGCE856,5,312,False
Mess food quality is very poor.,hostel,Brian Perkins,195606,2021UGME874,7,144,False
The examination form portal is not working properly.,admin,Caitlin Mathis,198555,2025UGME117,5,151,False
The admin office is not responding to emails.,admin,Andrew Lopez,218515,2025UGME777,5,167,False
Teacher humiliates students during class.,academic,Anonymous,-,-,-,-,True
Classes are being cancelled without prior notice.,academic,Anonymous,-,-,-,-,True
I haven't received my ID card.,admin,Jennifer Williams,211395,2018UGEE514,5,165,False
There is a water leakage in the washroom.,hostel,Stephanie Hood,191848,2018UGCE750,7,238,False
Mess food quality is very poor.,hostel,Monique Williams,194598,2018UGEE467,6,142,False
Teacher is biased towards certain students.,academic,Anonymous,-,-,-,-,True
Syllabus is not being completed on time.,academic,Anonymous,-,-,-,-,True
Mess food quality is very poor.,hostel,Jennifer Bradley,198739,2024UGEE373,6,194,False
Classes are being cancelled without prior notice.,academic,Anonymous,-,-,-,-,True
There is a water leakage in the washroom.,hostel,Kendra Bowers,200982,2021UGEE877,8,136,False
There is a delay in getting my documents verified.,admin,Joshua Hunter,198712,2019UGCS975,4,220,False
I haven't received my ID card.,admin,Patricia Sims,216138,2018UGCE286,4,219,False
Mess food quality is very poor.,hostel,Amber Thompson,214977,2025UGEE719,3,153,False
The examination form portal is not working properly.,admin,Bryan Rodriguez,199211,2021UGCE536,8,392,False
There is a water leakage in the washroom.,hostel,Jason Zavala,190869,2018UGME310,1,425,False
Classes are being cancelled without prior notice.,academic,Anonymous,-,-,-,-,True
There is a water leakage in the washroom.,hostel,Barbara Combs MD,191863,2025UGCS275,5,395,False
Our lab lacks proper equipment.,academic,Anonymous,-,-,-,-,True
I haven't received my ID card.,admin,Randall Bell,192548,2022UGCE836,1,317,False
My scholarship has not been processed yet.,admin,Stephanie Alvarado,193909,2024UGCE300,3,193,False
There is a delay in getting my documents verified.,admin,Sherry Cook,209764,2021UGCE388,6,244,False
Teacher is biased towards certain students.,academic,Anonymous,-,-,-,-,True
The washroom lights are not functioning on my floor.,hostel,Sean Lee,193696,2018UGCS758,1,420,False
There is a water leakage in the washroom.,hostel,Kathleen Turner,202139,2024UGEE658,7,325,False
Fan is not working in my room.,hostel,Steven Rangel,195556,2023UGME678,4,142,False
Classes are being cancelled without prior notice.,academic,Anonymous,-,-,-,-,True
Mess food quality is very poor.,hostel,Ashley Quinn,204627,2020UGCS210,5,290,False
Teacher humiliates students during class.,academic,Anonymous,-,-,-,-,True
My scholarship has not been processed yet.,admin,Thomas Cooper,192541,2024UGEE370,8,379,False
The examination form portal is not working properly.,admin,Elijah Shelton,196567,2021UGCS702,2,334,False
The washroom lights are not functioning on my floor.,hostel,Amy Reynolds,217083,2023UGEE978,3,195,False
Classes are being cancelled without prior notice.,academic,Anonymous,-,-,-,-,True
Teacher is biased towards certain students.,academic,Anonymous,-,-,-,-,True
I haven't received my ID card.,admin,Timothy Anderson,208126,2021UGCS244,2,422,False
Syllabus is not being completed on time.,academic,Nicolas Morgan,208980,2021UGEE648,3,104,False
The washroom lights are not functioning on my floor.,hostel,Eric Collins,203199,2024UGME546,3,341,False
Classes are being cancelled without prior notice.,academic,John Taylor,190209,2020UGCE577,7,305,False
There is a water leakage in the washroom.,hostel,Kristen Young,198584,2023UGEE289,3,131,False
The washroom lights are not functioning on my floor.,hostel,Daniel Smith,219992,2018UGEE822,6,367,False
There is a water leakage in the washroom.,hostel,Kimberly Jones,195422,2025UGEE997,3,359,False
Wi-Fi is not working since 2 days.,hostel,Stephanie Park,196920,2018UGME320,4,159,False
There is a delay in getting my documents verified.,admin,Richard Schwartz,209495,2025UGEE717,8,123,False
There is a water leakage in the washroom.,hostel,Kyle Williams,205729,2020UGCS464,2,348,False
Our lab lacks proper equipment.,academic,Rebecca Rose,195062,2021UGME212,6,426,False
There is a water leakage in the washroom.,hostel,Alice Foster,195442,2018UGCE871,5,367,False
I haven't received my ID card.,admin,Eric Anderson MD,213226,2020UGEE440,4,380,False
There is a water leakage in the washroom.,hostel,Laura Stevenson,192753,2020UGCE653,5,355,False
The examination form portal is not working properly.,admin,Nicole Johnson,202111,2019UGEE799,2,329,False
Fan is not working in my room.,hostel,Raymond Young,193726,2023UGME790,4,141,False
Mess food quality is very poor.,hostel,Andrew White,216955,2021UGME250,4,294,False
The washroom lights are not functioning on my floor.,hostel,Jenny Hoffman,195906,2023UGEE253,8,239,False
Our lab lacks proper equipment.,academic,Parker Martin,199457,2025UGCS869,5,105,False
My scholarship has not been processed yet.,admin,Richard Taylor,211272,2023UGCE874,6,377,False
Classes are being cancelled without prior notice.,academic,Anonymous,-,-,-,-,True
There is a delay in getting my documents verified.,admin,Robin Mitchell,197425,2023UGEE814,1,445,False
Teacher is biased towards certain students.,academic,Anonymous,-,-,-,-,True
Teacher humiliates students during class.,academic,Brian Simmons Jr.,198063,2023UGCS802,8,312,False
Fan is not working in my room.,hostel,Adrian Hebert,192097,2018UGEE836,3,237,False
Syllabus is not being completed on time.,academic,Anonymous,-,-,-,-,True
Fan is not working in my room.,hostel,Tara Russell,218946,2022UGME699,1,143,False
Syllabus is not being completed on time.,academic,Mary Roberts,214100,2025UGME218,5,298,False
Classes are being cancelled without prior notice.,academic,Anonymous,-,-,-,-,True
Classes are being cancelled without prior notice.,academic,Dr. Tammy Weiss,210325,2020UGCE340,5,404,False
Mess food quality is very poor.,hostel,Courtney Garcia,198640,2019UGCE430,4,413,False
Our lab lacks proper equipment.,academic,Anonymous,-,-,-,-,True
The washroom lights are not functioning on my floor.,hostel,Jason Beard,208324,2019UGME640,3,145,False
The washroom lights are not functioning on my floor.,hostel,William Johnson,214602,2023UGME422,5,155,False
I haven't received my ID card.,admin,Eric Sandoval,212552,2024UGCS207,7,369,False
The examination form portal is not working properly.,admin,Stephanie Green,199410,2020UGME130,5,351,False
Fan is not working in my room.,hostel,April Gallagher,197884,2025UGEE274,4,135,False
There is a delay in getting my documents verified.,admin,Becky Rogers,205790,2020UGCS435,6,390,False
Teacher humiliates students during class.,academic,Anonymous,-,-,-,-,True
My scholarship has not been processed yet.,admin,Joseph Torres,212198,2020UGCS670,6,172,False
The washroom lights are not functioning on my floor.,hostel,Robert Davis,203078,2024UGME914,2,143,False
There is a delay in getting my documents verified.,admin,April Peterson,207137,2019UGME775,3,281,False
There is a delay in getting my documents verified.,admin,Victor Rogers,203372,2020UGCS615,2,120,False
Fan is not working in my room.,hostel,Kyle Lopez,190353,2025UGCE263,3,287,False
Teacher humiliates students during class.,academic,Anonymous,-,-,-,-,True
My scholarship has not been processed yet.,admin,Daniel Wilson,210437,2025UGME948,7,294,False
Our lab lacks proper equipment.,academic,Zachary Allen,206162,2025UGME943,3,178,False
The washroom lights are not functioning on my floor.,hostel,Antonio Collins,208739,2018UGCE620,3,284,False
The washroom lights are not functioning on my floor.,hostel,Jared Velazquez DDS,217794,2025UGCS415,1,333,False
I haven't received my ID card.,admin,Nichole Lee,196095,2021UGCE126,3,379,False
Wi-Fi is not working since 2 days.,hostel,Sherry Allen,201425,2020UGCS476,5,152,False
There is a water leakage in the washroom.,hostel,Edward Lynch,194908,2023UGCE607,1,332,False
Teacher humiliates students during class.,academic,Anonymous,-,-,-,-,True
There is a water leakage in the washroom.,hostel,Alexis Hughes,195802,2025UGME519,7,335,False
Mess food quality is very poor.,hostel,Colleen Wright,217756,2025UGCS857,8,138,False
My scholarship has not been processed yet.,admin,John Barker,202821,2024UGCE879,5,400,False
Syllabus is not being completed on time.,academic,Anonymous,-,-,-,-,True
Teacher is biased towards certain students.,academic,Anonymous,-,-,-,-,True
Our lab lacks proper equipment.,academic,Anonymous,-,-,-,-,True
My scholarship has not been processed yet.,admin,Brenda Cole,205540,2025UGCE195,2,275,False
Classes are being cancelled without prior notice.,academic,Anonymous,-,-,-,-,True
There is a delay in getting my documents verified.,admin,Stephanie Murphy,212157,2022UGCE344,8,406,False
Our lab lacks proper equipment.,academic,Anonymous,-,-,-,-,True
Teacher is biased towards certain students.,academic,Anonymous,-,-,-,-,True
There is a water leakage in the washroom.,hostel,James Spears,190249,2019UGEE639,4,422,False
The admin office is not responding to emails.,admin,Shelly Myers,210992,2025UGCS981,2,429,False
Teacher is biased towards certain students.,academic,Anonymous,-,-,-,-,True
My scholarship has not been processed yet.,admin,Tanya Roach,204239,2025UGCS456,5,372,False
The washroom lights are not functioning on my floor.,hostel,Tracy Wood,210612,2021UGME871,7,231,False
The examination form portal is not working properly.,admin,Laura Norton,218295,2025UGCS930,8,440,False
Mess food quality is very poor.,hostel,Mary Perkins,194946,2025UGCS684,4,238,False
Teacher is biased towards certain students.,academic,Drew Brown,213738,2021UGEE605,3,290,False
There is a water leakage in the washroom.,hostel,Barry Moore,205515,2020UGCS269,3,327,False
I haven't received my ID card.,admin,Shawn Brown,200209,2024UGCS795,1,439,False
Our lab lacks proper equipment.,academic,Anonymous,-,-,-,-,True
There is a water leakage in the washroom.,hostel,Michelle Holland,202517,2019UGME503,2,376,False
There is a water leakage in the washroom.,hostel,Adam Chambers,200765,2023UGCE373,5,182,False
My scholarship has not been processed yet.,admin,Jacqueline Clark,210007,2024UGCE726,7,114,False
My scholarship has not been processed yet.,admin,George Ferguson,205516,2021UGCS202,2,337,False
Classes are being cancelled without prior notice.,academic,Monique Bauer,193984,2023UGEE429,8,196,False
There is a water leakage in the washroom.,hostel,Isabella Davis,193761,2025UGEE189,5,224,False
Fan is not working in my room.,hostel,Sara Harris,196553,2019UGEE323,1,279,False
Our lab lacks proper equipment.,academic,Anonymous,-,-,-,-,True
There is a water leakage in the washroom.,hostel,Mark Johnson,194716,2021UGEE100,8,318,False
Syllabus is not being completed on time.,academic,Anonymous,-,-,-,-,True
Mess food quality is very poor.,hostel,David Pitts,207110,2020UGCS427,6,163,False
My scholarship has not been processed yet.,admin,Kimberly Cox,191613,2020UGME715,6,298,False
Teacher humiliates students during class.,academic,Tammy Glenn,196119,2018UGEE305,2,335,False
The washroom lights are not functioning on my floor.,hostel,Manuel Kaufman,219919,2024UGCE839,2,300,False
The washroom lights are not functioning on my floor.,hostel,Sharon Nguyen,194778,2023UGCE613,2,338,False
Our lab lacks proper equipment.,academic,Derrick Cardenas,200657,2019UGCE183,8,354,False
Teacher is biased towards certain students.,academic,Michele Austin,218123,2024UGME471,6,351,False
Teacher humiliates students during class.,academic,John Chambers,192649,2018UGCS771,7,276,False
There is a delay in getting my documents verified.,admin,Debra Jenkins,195217,2022UGCS696,6,152,False
There is a water leakage in the washroom.,hostel,Michael Davis,214597,2018UGCS638,8,440,False
Mess food quality is very poor.,hostel,John West,219877,2024UGCS173,2,159,False
I haven't received my ID card.,admin,Corey Porter,195503,2020UGEE322,7,220,False
There is a delay in getting my documents verified.,admin,Jonathan Wallace,212465,2019UGME241,4,328,False
Wi-Fi is not working since 2 days.,hostel,Benjamin Short,193666,2020UGME836,3,160,False
Teacher humiliates students during class.,academic,Anonymous,-,-,-,-,True
Teacher is biased towards certain students.,academic,Anonymous,-,-,-,-,True
Our lab lacks proper equipment.,academic,Anonymous,-,-,-,-,True
The examination form portal is not working properly.,admin,Colton Williams,217583,2024UGEE621,1,424,False
Fan is not working in my room.,hostel,Krystal Lin,195030,2018UGCS463,3,267,False
Syllabus is not being completed on time.,academic,Justin Rasmussen,217053,2023UGEE760,8,308,False
There is a delay in getting my documents verified.,admin,Ryan Harris,201022,2020UGEE326,2,244,False
Fan is not working in my room.,hostel,James Dixon,198428,2024UGME697,3,432,False
My scholarship has not been processed yet.,admin,Christopher Floyd,213113,2024UGCS752,4,434,False
Fan is not working in my room.,hostel,Teresa Harris,191831,2020UGME475,7,324,False
Mess food quality is very poor.,hostel,Cindy Zhang,217721,2021UGME904,2,218,False
Wi-Fi is not working since 2 days.,hostel,Jacqueline Moody,196945,2023UGEE886,7,450,False
There is a delay in getting my documents verified.,admin,Johnny Smith,202638,2020UGCS852,4,423,False
There is a delay in getting my documents verified.,admin,William Fields,207630,2023UGME344,2,434,False
The washroom lights are not functioning on my floor.,hostel,Daniel Butler,192563,2021UGEE769,8,210,False
The washroom lights are not functioning on my floor.,hostel,Brian Lee,198760,2018UGCS115,8,320,False
Classes are being cancelled without prior notice.,academic,Dr. Patrick Hudson,194991,2021UGCS766,2,230,False
The admin office is not responding to emails.,admin,Caroline Chaney,196302,2021UGCE993,6,370,False
The examination form portal is not working properly.,admin,Wendy Thompson,199999,2018UGCE174,8,353,False
There is a water leakage in the washroom.,hostel,Sean Hopkins,210536,2022UGME671,6,256,False
There is a water leakage in the washroom.,hostel,Megan Sanders,219703,2018UGME644,4,212,False
Fan is not working in my room.,hostel,Paul Melton,204467,2023UGCS795,6,323,False
Wi-Fi is not working since 2 days.,hostel,Wendy Cook,200222,2024UGME841,7,359,False
The examination form portal is not working properly.,admin,Lisa Hayes,199556,2019UGCS175,3,352,False
Fan is not working in my room.,hostel,Erin Lee,201843,2023UGCS279,7,331,False
The washroom lights are not functioning on my floor.,hostel,Katie Thornton,206145,2018UGCE226,2,242,False
There is a delay in getting my documents verified.,admin,Nicholas Fox,216950,2025UGEE134,3,308,False
My scholarship has not been processed yet.,admin,Charles Cross,201779,2021UGEE345,8,215,False
Teacher is biased towards certain students.,academic,Anonymous,-,-,-,-,True
Mess food quality is very poor.,hostel,Nicholas Glass,204823,2021UGME678,1,182,False
Syllabus is not being completed on time.,academic,Anonymous,-,-,-,-,True
Mess food quality is very poor.,hostel,Belinda Freeman,209521,2020UGME319,7,403,False
I haven't received my ID card.,admin,Cassandra Lee,199050,2023UGME169,4,208,False
Our lab lacks proper equipment.,academic,Anonymous,-,-,-,-,True
There is a water leakage in the washroom.,hostel,Vanessa Garrison,191405,2024UGME928,5,384,False
There is a water leakage in the washroom.,hostel,Colin Davis,216980,2018UGEE635,7,418,False
Fan is not working in my room.,hostel,Melody Hudson,198248,2021UGCS323,7,445,False
The admin office is not responding to emails.,admin,Chelsea Henry,215175,2023UGCS900,2,359,False
Mess food quality is very poor.,hostel,Krista Cunningham,216274,2021UGCS962,4,399,False
Fan is not working in my room.,hostel,Cynthia Walker,214150,2023UGME323,3,374,False
Teacher humiliates students during class.,academic,Anonymous,-,-,-,-,True
Our lab lacks proper equipment.,academic,Anonymous,-,-,-,-,True
My scholarship has not been processed yet.,admin,Jesse Pierce,210880,2023UGEE543,3,197,False
I haven't received my ID card.,admin,Noah Robinson,208116,2020UGCS657,8,215,False
Syllabus is not being completed on time.,academic,Anonymous,-,-,-,-,True
My scholarship has not been processed yet.,admin,Anthony Thomas,197125,2024UGME382,5,403,False
Mess food quality is very poor.,hostel,Richard Morgan,205698,2020UGCE548,3,213,False
The examination form portal is not working properly.,admin,Dr. Anthony Oconnell,194578,2023UGCS515,2,246,False
My scholarship has not been processed yet.,admin,Scott Black,199966,2023UGME801,6,195,False
The admin office is not responding to emails.,admin,Kaitlyn Ramirez,210541,2025UGME701,2,336,False
Wi-Fi is not working since 2 days.,hostel,James Dixon,208142,2019UGME676,3,303,False
Mess food quality is very poor.,hostel,Christina Montoya,210025,2024UGCS448,8,118,False
Fan is not working in my room.,hostel,Hayley Walters,217324,2018UGCS474,3,199,False
Mess food quality is very poor.,hostel,Justin Lee,200088,2024UGCE493,8,173,False
There is a delay in getting my documents verified.,admin,Melissa Bradford,209638,2023UGCS385,8,412,False
Teacher is biased towards certain students.,academic,Anonymous,-,-,-,-,True
Classes are being cancelled without prior notice.,academic,Anonymous,-,-,-,-,True
Mess food quality is very poor.,hostel,Meagan Dudley,205771,2025UGCS776,3,206,False
There is a water leakage in the washroom.,hostel,Karen Kerr,207907,2021UGCS461,4,365,False
Teacher humiliates students during class.,academic,Mary Hays,201937,2024UGEE489,1,107,False
The admin office is not responding to emails.,admin,Michael Cruz,198176,2021UGME638,3,311,False
Fan is not working in my room.,hostel,Anthony Malone,199766,2020UGCS526,4,162,False
Teacher is biased towards certain students.,academic,George Powell,199076,2021UGME870,3,361,False
The admin office is not responding to emails.,admin,Eric Garrison,197652,2023UGEE978,4,312,False
Wi-Fi is not working since 2 days.,hostel,Kenneth Maldonado,207096,2023UGCS495,4,333,False
I haven't received my ID card.,admin,Michael Marshall,204197,2019UGEE426,5,294,False
There is a water leakage in the washroom.,hostel,Chelsea Johnson,199133,2024UGCE207,4,221,False
Teacher humiliates students during class.,academic,Jason Kelly,191410,2022UGEE172,2,336,False
Classes are being cancelled without prior notice.,academic,Darryl Walker,216426,2021UGCS101,5,185,False
Mess food quality is very poor.,hostel,Lisa Bishop,213564,2025UGEE667,2,161,False
Classes are being cancelled without prior notice.,academic,Anonymous,-,-,-,-,True
There is a water leakage in the washroom.,hostel,Andrew Castro,208983,2019UGCE596,1,315,False
The examination form portal is not working properly.,admin,Alec Carrillo,198110,2024UGEE425,7,335,False
The examination form portal is not working properly.,admin,Jonathan Harvey,211050,2025UGCS170,4,234,False
I haven't received my ID card.,admin,Kevin Carlson,194654,2018UGCE845,3,362,False
I haven't received my ID card.,admin,Gloria Arroyo,205638,2021UGCS262,3,412,False
The admin office is not responding to emails.,admin,Breanna Garcia,218914,2019UGME201,2,252,False
The examination form portal is not working properly.,admin,Ashley Wright,200026,2019UGME255,2,176,False
Mess food quality is very poor.,hostel,Jamie Sullivan,218702,2018UGCS824,6,329,False
My scholarship has not been processed yet.,admin,Sharon Flores,214602,2021UGCS396,2,334,False
Our lab lacks proper equipment.,academic,Anonymous,-,-,-,-,True
Classes are being cancelled without prior notice.,academic,Anonymous,-,-,-,-,True
I haven't received my ID card.,admin,Paul King,217572,2019UGCE629,2,156,False
Syllabus is not being completed on time.,academic,Anonymous,-,-,-,-,True
The washroom lights are not functioning on my floor.,hostel,Brian Ferguson,193529,2025UGEE185,3,193,False
The examination form portal is not working properly.,admin,Brittany Blackburn,219571,2025UGCE544,4,103,False
The admin office is not responding to emails.,admin,Robert Ellis,202540,2025UGCE582,1,383,False
Classes are being cancelled without prior notice.,academic,Anonymous,-,-,-,-,True
Fan is not working in my room.,hostel,Kimberly Hill,191731,2024UGCS146,1,234,False
The washroom lights are not functioning on my floor.,hostel,Michael Miller,201596,2020UGEE249,6,419,False
Teacher humiliates students during class.,academic,Anonymous,-,-,-,-,True
My scholarship has not been processed yet.,admin,Teresa Simmons,196665,2023UGME376,4,230,False
There is a delay in getting my documents verified.,admin,Alan Torres,198420,2022UGME167,4,415,False
There is a delay in getting my documents verified.,admin,Ashley Fuentes,213403,2025UGME185,6,187,False
Fan is not working in my room.,hostel,Jody Romero,204667,2019UGME163,7,311,False
The washroom lights are not functioning on my floor.,hostel,Timothy Williams,210650,2018UGME126,4,359,False
Classes are being cancelled without prior notice.,academic,Anonymous,-,-,-,-,True
The admin office is not responding to emails.,admin,Cheryl Myers,198928,2022UGCE633,5,188,False
My scholarship has not been processed yet.,admin,Jesse Jordan,191415,2020UGEE821,5,161,False
There is a water leakage in the washroom.,hostel,Brian Hawkins,207913,2022UGEE233,3,141,False
Teacher humiliates students during class.,academic,Alicia Dixon,214972,2019UGEE114,5,165,False
There is a water leakage in the washroom.,hostel,Nicholas Davis,198208,2018UGCE584,6,262,False
Fan is not working in my room.,hostel,Edward Roth,190592,2022UGME667,8,334,False
Mess food quality is very poor.,hostel,David Berry,211099,2019UGCS189,8,375,False
Fan is not working in my room.,hostel,Cindy Gates,209968,2018UGME573,7,219,False
Our lab lacks proper equipment.,academic,David Lane,192710,2025UGCE866,8,169,False
Syllabus is not being completed on time.,academic,Brooke Scott,215848,2020UGEE824,6,223,False
Fan is not working in my room.,hostel,Maureen Bell,211868,2022UGEE904,5,288,False
Teacher is biased towards certain students.,academic,Eric Lin,211162,2020UGCE695,2,215,False
Syllabus is not being completed on time.,academic,Anonymous,-,-,-,-,True
Wi-Fi is not working since 2 days.,hostel,Andrea Lawrence,219289,2025UGCE713,3,159,False
There is a delay in getting my documents verified.,admin,Jonathan Jackson,205948,2019UGCE797,3,421,False
Classes are being cancelled without prior notice.,academic,Anonymous,-,-,-,-,True
The admin office is not responding to emails.,admin,Colleen Hall,203557,2024UGEE967,2,158,False
The admin office is not responding to emails.,admin,Kellie Howard,217850,2021UGCS493,1,441,False
Syllabus is not being completed on time.,academic,Cynthia Rivera,195388,2023UGEE317,7,274,False
Teacher is biased towards certain students.,academic,Anonymous,-,-,-,-,True
There is a water leakage in the washroom.,hostel,Ronald Taylor,198712,2021UGCE603,7,366,False
My scholarship has not been processed yet.,admin,Tommy Powell,205047,2018UGME633,5,390,False
I haven't received my ID card.,admin,Maria Gallagher,197387,2021UGEE902,8,371,False
The admin office is not responding to emails.,admin,Kyle Chapman,200955,2018UGCE172,6,397,False
Wi-Fi is not working since 2 days.,hostel,David Wright,209790,2024UGCS244,6,148,False
Syllabus is not being completed on time.,academic,Anonymous,-,-,-,-,True
I haven't received my ID card.,admin,Antonio Smith,206164,2019UGME609,8,217,False
There is a water leakage in the washroom.,hostel,James Kramer,210639,2020UGCE758,7,150,False
Fan is not working in my room.,hostel,John Griffin DDS,207808,2019UGCS574,8,149,False
Classes are being cancelled without prior notice.,academic,Cheryl Zuniga,218689,2024UGCS357,5,325,False
Mess food quality is very poor.,hostel,Laura Powers,210274,2025UGEE598,3,177,False
Classes are being cancelled without prior notice.,academic,Ann Williams,218484,2022UGME537,8,295,False
The washroom lights are not functioning on my floor.,hostel,Tara Moore,212807,2019UGCE237,3,262,False
Classes are being cancelled without prior notice.,academic,Bonnie Torres,207316,2025UGEE659,4,382,False
The washroom lights are not functioning on my floor.,hostel,Kathleen Joseph,206195,2022UGCE334,8,358,False
The washroom lights are not functioning on my floor.,hostel,Angela Hayes,208780,2020UGEE646,7,236,False
Teacher is biased towards certain students.,academic,Deborah Andersen,194089,2018UGEE305,4,224,False
There is a water leakage in the washroom.,hostel,Amber Bennett,217953,2024UGME189,3,281,False
Mess food quality is very poor.,hostel,Cindy Smith,190906,2018UGME334,8,274,False
Teacher is biased towards certain students.,academic,Anonymous,-,-,-,-,True
The examination form portal is not working properly.,admin,Anna Davis,217790,2020UGCE840,4,235,False
Teacher humiliates students during class.,academic,Anonymous,-,-,-,-,True
I haven't received my ID card.,admin,James Nguyen,191725,2020UGCS296,5,149,False
My scholarship has not been processed yet.,admin,David Collins,215639,2025UGME911,3,120,False
The washroom lights are not functioning on my floor.,hostel,Kenneth Poole,190131,2023UGCS489,3,201,False
The examination form portal is not working properly.,admin,Miranda Everett,197497,2023UGME569,1,120,False
My scholarship has not been processed yet.,admin,Jamie Smith,192047,2025UGME216,2,432,False
Mess food quality is very poor.,hostel,Johnny Wheeler,197544,2023UGCS432,1,275,False
There is a water leakage in the washroom.,hostel,Sara Hayes,204479,2019UGCS958,6,124,False
Syllabus is not being completed on time.,academic,Anonymous,-,-,-,-,True
The examination form portal is not working properly.,admin,Miss Elizabeth Morrison,194545,2018UGCS760,3,310,False
The washroom lights are not functioning on my floor.,hostel,Carla Hill,193454,2023UGEE587,6,431,False
The examination form portal is not working properly.,admin,Marie Santiago,215940,2020UGME210,1,306,False
Wi-Fi is not working since 2 days.,hostel,Alicia Bates,215961,2020UGCE863,6,208,False
Fan is not working in my room.,hostel,James Melton,219060,2022UGEE160,2,290,False
There is a water leakage in the washroom.,hostel,Rachel Brown,218692,2025UGCE455,5,139,False
Our lab lacks proper equipment.,academic,Chelsea Mcpherson MD,202061,2023UGCE969,6,219,False
The washroom lights are not functioning on my floor.,hostel,Amanda Long,196855,2018UGME946,5,237,False
Our lab lacks proper equipment.,academic,Anonymous,-,-,-,-,True
Syllabus is not being completed on time.,academic,Anonymous,-,-,-,-,True
Our lab lacks proper equipment.,academic,Anonymous,-,-,-,-,True
Teacher is biased towards certain students.,academic,Anonymous,-,-,-,-,True
The admin office is not responding to emails.,admin,Alexandra Noble,196141,2023UGCE396,6,224,False
The washroom lights are not functioning on my floor.,hostel,Heather Dixon,200866,2023UGME151,4,395,False
The washroom lights are not functioning on my floor.,hostel,Jody Foster,216770,2018UGCS806,2,388,False
Teacher is biased towards certain students.,academic,Anonymous,-,-,-,-,True
Wi-Fi is not working since 2 days.,hostel,Andre Jensen,194626,2022UGCS885,2,256,False
There is a delay in getting my documents verified.,admin,Mr. Tyler Johnson,204119,2025UGEE615,2,271,False
I haven't received my ID card.,admin,Adam Walter,205668,2022UGME211,4,104,False
The admin office is not responding to emails.,admin,Jessica Holland,196690,2021UGME801,7,230,False
There is a delay in getting my documents verified.,admin,Harry Norris,213579,2020UGCS502,3,361,False
My scholarship has not been processed yet.,admin,Barbara Cummings,199817,2018UGME741,1,131,False
Classes are being cancelled without prior notice.,academic,Robert Daniels,208857,2024UGME356,3,187,False
Syllabus is not being completed on time.,academic,Anonymous,-,-,-,-,True
Mess food quality is very poor.,hostel,Jeffrey Carey,199872,2020UGCS986,7,379,False
There is a delay in getting my documents verified.,admin,Daniel Morrison,196892,2018UGME264,7,378,False
The admin office is not responding to emails.,admin,Ryan Moore,207957,2024UGME966,4,137,False
Fan is not working in my room.,hostel,Steve Ferrell,201423,2025UGCE821,6,425,False
Our lab lacks proper equipment.,academic,Monica Myers,191514,2018UGCE146,8,365,False
Our lab lacks proper equipment.,academic,Dennis Anderson,198612,2023UGCS314,6,174,False
Fan is not working in my room.,hostel,Nina Farmer,197991,2024UGCS475,2,179,False
There is a water leakage in the washroom.,hostel,Ashley Thompson,210883,2020UGCS610,3,351,False
The washroom lights are not functioning on my floor.,hostel,Nicholas Armstrong,215333,2019UGCS125,5,244,False
Our lab lacks proper equipment.,academic,Anonymous,-,-,-,-,True
The washroom lights are not functioning on my floor.,hostel,Richard Calderon,197562,2021UGME559,6,146,False
The washroom lights are not functioning on my floor.,hostel,Ashley Rollins,215708,2022UGCS564,7,275,False
The washroom lights are not functioning on my floor.,hostel,Omar Oliver,195143,2020UGEE150,7,308,False
The examination form portal is not working properly.,admin,Nicole Jackson,215335,2024UGCS808,5,162,False
Our lab lacks proper equipment.,academic,Anonymous,-,-,-,-,True
Syllabus is not being completed on time.,academic,Anonymous,-,-,-,-,True
Fan is not working in my room.,hostel,Jocelyn Hughes,201777,2024UGCE680,8,237,False
Wi-Fi is not working since 2 days.,hostel,Courtney Rojas,191713,2023UGCE271,1,136,False
My scholarship has not been processed yet.,admin,Melinda Lambert,206850,2024UGCS738,2,362,False
Syllabus is not being completed on time.,academic,Anonymous,-,-,-,-,True
Wi-Fi is not working since 2 days.,hostel,Marie Shaw,205442,2018UGCE348,7,368,False
There is a water leakage in the washroom.,hostel,Lori Berger,213330,2021UGEE396,1,206,False
The admin office is not responding to emails.,admin,Lori Strong,200811,2024UGCS788,8,302,False
Syllabus is not being completed on time.,academic,Anonymous,-,-,-,-,True
Teacher is biased towards certain students.,academic,Anonymous,-,-,-,-,True
Syllabus is not being completed on time.,academic,Anonymous,-,-,-,-,True
Teacher is biased towards certain students.,academic,Stephen Long,210327,2018UGEE710,1,362,False
Mess food quality is very poor.,hostel,Rachel Bentley,210174,2018UGCE497,6,204,False
The examination form portal is not working properly.,admin,Marc Love,205183,2023UGCE146,1,233,False
The examination form portal is not working properly.,admin,Kristin King,219168,2020UGEE889,1,426,False
Fan is not working in my room.,hostel,Matthew Mathis,205133,2023UGCE259,8,128,False
I haven't received my ID card.,admin,Alyssa Martin,210116,2024UGCE988,4,401,False
The admin office is not responding to emails.,admin,James Hart,190175,2018UGCS271,5,162,False
The examination form portal is not working properly.,admin,Holly Rodriguez,200841,2019UGME970,6,142,False
The washroom lights are not functioning on my floor.,hostel,Bryan Young,191210,2023UGCE743,5,170,False
Wi-Fi is not working since 2 days.,hostel,Shelia Dixon,214321,2020UGCE214,6,404,False
I haven't received my ID card.,admin,Ann Collier,203613,2024UGCE382,2,268,False
Classes are being cancelled without prior notice.,academic,Shannon Rogers,197021,2023UGME873,1,448,False
Teacher is biased towards certain students.,academic,Anonymous,-,-,-,-,True
There is a water leakage in the washroom.,hostel,Terry Anderson,216692,2024UGCS815,2,158,False
Fan is not working in my room.,hostel,Gary Stewart,206327,2020UGME861,3,285,False
Fan is not working in my room.,hostel,Angela Larsen,212964,2019UGCE974,4,319,False
The admin office is not responding to emails.,admin,Deborah Flynn,195179,2018UGEE856,6,189,False
There is a delay in getting my documents verified.,admin,Jason Mejia,193277,2019UGCE649,1,199,False
The washroom lights are not functioning on my floor.,hostel,Nancy Wilson,204062,2020UGME268,6,120,False
There is a delay in getting my documents verified.,admin,Ronald Gibson,204758,2025UGCE125,5,204,False
Mess food quality is very poor.,hostel,Diane Hanson,199567,2022UGME362,4,323,False
Teacher humiliates students during class.,academic,Carolyn Morales,194137,2019UGEE506,8,363,False
Mess food quality is very poor.,hostel,Carl Best,207997,2021UGCS375,4,225,False
Syllabus is not being completed on time.,academic,Anonymous,-,-,-,-,True
I haven't received my ID card.,admin,Allison Austin,201601,2018UGCS425,8,294,False
Teacher humiliates students during class.,academic,Maria Orr,201978,2025UGCS543,2,137,False
Mess food quality is very poor.,hostel,Joseph Carr,210490,2025UGEE284,6,432,False
Syllabus is not being completed on time.,academic,Anonymous,-,-,-,-,True
Teacher is biased towards certain students.,academic,Manuel Douglas,195129,2023UGEE263,1,382,False
Mess food quality is very poor.,hostel,Marcus Edwards,211623,2022UGME765,3,378,False
Teacher is biased towards certain students.,academic,Carla Boyer,196833,2024UGCS749,1,183,False
The admin office is not responding to emails.,admin,Alexis Michael,199113,2023UGCS756,5,274,False
I haven't received my ID card.,admin,Jessica Harris,196919,2022UGEE651,2,114,False
Fan is not working in my room.,hostel,Amanda Robertson,194311,2020UGCE784,1,270,False
Wi-Fi is not working since 2 days.,hostel,Brandon Rodriguez,213655,2021UGCS676,5,433,False
Our lab lacks proper equipment.,academic,Shane Miller,217325,2024UGEE716,7,374,False
Fan is not working in my room.,hostel,Rebecca Hicks,191557,2020UGME399,3,353,False
I haven't received my ID card.,admin,Jeffrey Peterson,206795,2018UGCE354,7,400,False
The examination form portal is not working properly.,admin,Danielle Clark,190575,2022UGEE480,6,131,False
The washroom lights are not functioning on my floor.,hostel,Kimberly Wilkins,219505,2022UGCE461,4,124,False
Fan is not working in my room.,hostel,Christopher Smith,191080,2018UGEE623,7,379,False
There is a water leakage in the washroom.,hostel,Dr. Jennifer Weaver,218229,2019UGCS300,8,227,False
There is a water leakage in the washroom.,hostel,Jeremy Morris,217347,2018UGCS171,3,158,False
There is a water leakage in the washroom.,hostel,Margaret Ortiz,196083,2023UGCE197,6,248,False
My scholarship has not been processed yet.,admin,Megan Howard,211471,2024UGCE504,8,284,False
Mess food quality is very poor.,hostel,George Jones,200879,2020UGEE416,7,221,False
Classes are being cancelled without prior notice.,academic,Anonymous,-,-,-,-,True
My scholarship has not been processed yet.,admin,Jennifer Powers,217512,2023UGEE986,8,194,False
Wi-Fi is not working since 2 days.,hostel,Lisa Davis,207759,2023UGCE755,2,316,False
The examination form portal is not working properly.,admin,Deanna Carter,219917,2020UGEE317,4,249,False
There is a water leakage in the washroom.,hostel,Timothy Davis,219083,2025UGEE894,5,158,False
Mess food quality is very poor.,hostel,Brian Kim,202000,2021UGCS489,1,311,False
Our lab lacks proper equipment.,academic,Anonymous,-,-,-,-,True
Syllabus is not being completed on time.,academic,Anonymous,-,-,-,-,True
The admin office is not responding to emails.,admin,Sheila Rosales,192548,2022UGME621,7,195,False
I haven't received my ID card.,admin,Ethan Brown,204295,2019UGCS794,8,162,False
The admin office is not responding to emails.,admin,Ryan Ferguson,202952,2023UGEE947,5,194,False
My scholarship has not been processed yet.,admin,Ian Lee,203739,2022UGCS391,5,381,False
The admin office is not responding to emails.,admin,Paula Ross,193594,2019UGCS937,4,243,False
Our lab lacks proper equipment.,academic,Anonymous,-,-,-,-,True
There is a water leakage in the washroom.,hostel,Laurie Cuevas,196542,2018UGEE228,5,312,False
Mess food quality is very poor.,hostel,Juan Browning,209900,2022UGCE306,4,196,False
My scholarship has not been processed yet.,admin,Jacob Allen,206321,2018UGCS371,6,233,False
Mess food quality is very poor.,hostel,Alexander Huynh,207210,2019UGME271,8,190,False
There is a water leakage in the washroom.,hostel,Anthony Grant,199432,2023UGCE245,8,280,False
Fan is not working in my room.,hostel,Mary Jenkins,212583,2019UGCE806,8,152,False
There is a delay in getting my documents verified.,admin,Gina Peters,217605,2020UGME692,5,362,False
Syllabus is not being completed on time.,academic,Anonymous,-,-,-,-,True
Mess food quality is very poor.,hostel,Morgan Avery,190869,2018UGCS322,2,202,False
The admin office is not responding to emails.,admin,Susan Stone,198160,2019UGEE872,5,406,False
My scholarship has not been processed yet.,admin,Glenn Richardson,195094,2018UGCE343,3,217,False
I haven't received my ID card.,admin,Rachel Peterson,215644,2021UGCS649,1,171,False
There is a water leakage in the washroom.,hostel,Brian Phillips,203390,2019UGME954,4,426,False
The examination form portal is not working properly.,admin,Debbie Patterson,197832,2024UGME180,2,313,False
The washroom lights are not functioning on my floor.,hostel,Jason Diaz,192128,2021UGEE284,8,281,False
The admin office is not responding to emails.,admin,Laura Gibson,192200,2024UGME542,7,429,False
Teacher is biased towards certain students.,academic,Robert Ritter,218898,2022UGCE344,6,232,False
My scholarship has not been processed yet.,admin,Russell Campbell,198727,2024UGCE760,3,387,False
My scholarship has not been processed yet.,admin,Sean Guerra,195535,2022UGCS506,4,245,False
There is a water leakage in the washroom.,hostel,Linda Ray,217457,2023UGME976,3,274,False
Syllabus is not being completed on time.,academic,Anonymous,-,-,-,-,True
I haven't received my ID card.,admin,Douglas Flores,205767,2021UGCE803,3,164,False
Syllabus is not being completed on time.,academic,Anonymous,-,-,-,-,True
The washroom lights are not functioning on my floor.,hostel,Jamie Rogers,193415,2021UGME154,2,237,False
The examination form portal is not working properly.,admin,Ryan Cruz,196503,2024UGCS414,2,337,False
Teacher humiliates students during class.,academic,Anonymous,-,-,-,-,True
I haven't received my ID card.,admin,Eric Sanchez,197055,2020UGCE181,3,263,False
My scholarship has not been processed yet.,admin,John Aguilar,213281,2021UGCE602,5,419,False
Teacher humiliates students during class.,academic,Jerry Wilson,209464,2019UGEE553,8,405,False
There is a delay in getting my documents verified.,admin,Emily Johnson,193054,2023UGCS345,3,174,False
Wi-Fi is not working since 2 days.,hostel,Michelle Ramirez,209358,2025UGCE779,6,256,False
Classes are being cancelled without prior notice.,academic,Amber Allen,211277,2022UGME543,7,267,False
The washroom lights are not functioning on my floor.,hostel,Shannon Sloan,213977,2021UGCE677,7,118,False
Syllabus is not being completed on time.,academic,Abigail Wood,219177,2019UGCS555,1,302,False
Teacher humiliates students during class.,academic,Anonymous,-,-,-,-,True
Fan is not working in my room.,hostel,Shannon Willis,190436,2021UGME383,2,401,False
There is a water leakage in the washroom.,hostel,John Russell,206580,2022UGCS899,2,317,False
Fan is not working in my room.,hostel,Amy Ryan,213643,2021UGCE752,3,215,False
The examination form portal is not working properly.,admin,Amanda Rojas,209566,2024UGEE403,5,289,False
The examination form portal is not working properly.,admin,Christian Hickman,195256,2021UGEE627,4,104,False
There is a delay in getting my documents verified.,admin,Michael Gonzalez,199730,2025UGEE661,4,165,False
Teacher is biased towards certain students.,academic,Melissa Nelson,200747,2022UGCS482,5,203,False
Our lab lacks proper equipment.,academic,John Garcia,215153,2023UGEE418,7,318,False
The washroom lights are not functioning on my floor.,hostel,Cheyenne Gonzalez,198480,2018UGCS550,8,374,False
Fan is not working in my room.,hostel,Sabrina Eaton,210360,2021UGEE440,6,124,False
Syllabus is not being completed on time.,academic,Nancy Rodriguez,193391,2024UGEE647,3,108,False
There is a delay in getting my documents verified.,admin,Elizabeth Boyd,213782,2023UGCS648,1,348,False
The admin office is not responding to emails.,admin,Ashley Hunter,208805,2018UGCE655,7,406,False
Fan is not working in my room.,hostel,Brittany Young,193634,2023UGEE531,1,290,False
Mess food quality is very poor.,hostel,Andrea Savage,204118,2023UGEE873,7,371,False
Fan is not working in my room.,hostel,Tammy Rodriguez,190799,2021UGCS968,7,284,False
Our lab lacks proper equipment.,academic,Ellen Thomas,203567,2019UGEE847,3,102,False
Mess food quality is very poor.,hostel,Angela Tanner,213731,2022UGCS532,8,199,False
Syllabus is not being completed on time.,academic,Anonymous,-,-,-,-,True
I haven't received my ID card.,admin,Jennifer Barnes,207923,2021UGCE939,4,402,False
The admin office is not responding to emails.,admin,Laura Walters,201220,2019UGEE259,4,385,False
Mess food quality is very poor.,hostel,Patty Fields,209889,2020UGCS759,7,185,False
There is a water leakage in the washroom.,hostel,Allison Hill,215975,2023UGCS736,7,315,False
Syllabus is not being completed on time.,academic,Michelle Bishop,209126,2022UGCE250,2,196,False
Classes are being cancelled without prior notice.,academic,Anonymous,-,-,-,-,True
The washroom lights are not functioning on my floor.,hostel,Dr. Cathy James MD,211339,2018UGCS281,5,429,False
Our lab lacks proper equipment.,academic,Tammy Myers,217619,2023UGCE158,4,137,False
Wi-Fi is not working since 2 days.,hostel,Adam Rush,208462,2018UGCS546,6,230,False
Wi-Fi is not working since 2 days.,hostel,Stephen Boyd,212026,2025UGME324,2,320,False
There is a water leakage in the washroom.,hostel,Robert Green,197247,2018UGME575,6,250,False
There is a water leakage in the washroom.,hostel,Mitchell Williams,205497,2024UGCE616,4,252,False
Our lab lacks proper equipment.,academic,Anonymous,-,-,-,-,True
Fan is not working in my room.,hostel,Adam Moses,209821,2022UGME948,3,285,False
My scholarship has not been processed yet.,admin,Joseph Brown,197694,2020UGME806,8,214,False
The washroom lights are not functioning on my floor.,hostel,Jason Heath,219940,2018UGCS277,4,350,False
There is a delay in getting my documents verified.,admin,George Perkins,209576,2025UGEE306,8,287,False
I haven't received my ID card.,admin,Deanna Ponce,200721,2019UGCE961,4,185,False
Wi-Fi is not working since 2 days.,hostel,Stephanie Bush,196767,2021UGME221,4,105,False
The washroom lights are not functioning on my floor.,hostel,Jean Gray,214877,2022UGCS875,1,245,False
Mess food quality is very poor.,hostel,Debbie Proctor,201866,2024UGCE919,7,238,False
My scholarship has not been processed yet.,admin,Gabrielle Spencer,208207,2020UGME420,7,443,False
Mess food quality is very poor.,hostel,Samuel Brown,200950,2022UGCS468,2,103,False
The admin office is not responding to emails.,admin,James Becker,193314,2025UGME702,5,171,False
I haven't received my ID card.,admin,Cheryl Mills,217449,2023UGCE135,2,230,False
Fan is not working in my room.,hostel,Rachel Jackson,212883,2019UGCE806,6,164,False
I haven't received my ID card.,admin,Karen Myers,218762,2019UGCS298,6,303,False
The washroom lights are not functioning on my floor.,hostel,Larry Beck,212522,2023UGME231,6,426,False
Classes are being cancelled without prior notice.,academic,Stacy Atkinson,202516,2024UGCE734,5,183,False
The washroom lights are not functioning on my floor.,hostel,Bradley Baker MD,215753,2021UGCS694,6,168,False
There is a water leakage in the washroom.,hostel,Cynthia Miller,194651,2021UGEE252,2,197,False
My scholarship has not been processed yet.,admin,Justin Moore,219294,2025UGME811,3,305,False
The admin office is not responding to emails.,admin,Timothy Cameron,209182,2020UGCS364,5,286,False
I haven't received my ID card.,admin,Christine Harvey,194060,2022UGCS916,6,283,False
I haven't received my ID card.,admin,Laura Hoffman,201503,2019UGEE769,1,174,False
Syllabus is not being completed on time.,academic,Michelle Moore,210217,2022UGCS661,5,134,False
Our lab lacks proper equipment.,academic,Stephen Henry,202378,2024UGCE587,6,258,False
Mess food quality is very poor.,hostel,Anthony Mathis,194670,2024UGCS193,6,317,False
There is a delay in getting my documents verified.,admin,Seth Flynn,203859,2025UGCE823,3,282,False
There is a water leakage in the washroom.,hostel,Laura Smith,204531,2020UGEE637,7,199,False
There is a delay in getting my documents verified.,admin,Teresa King,193257,2022UGME838,3,269,False
Teacher humiliates students during class.,academic,Jonathan Rush,198001,2024UGCS881,3,324,False
Classes are being cancelled without prior notice.,academic,Anonymous,-,-,-,-,True
Wi-Fi is not working since 2 days.,hostel,Robin Chavez,198357,2022UGCE176,3,339,False
Teacher humiliates students during class.,academic,Gregory Woods,199922,2024UGCE873,8,367,False
The examination form portal is not working properly.,admin,Erica Hall,204268,2025UGME303,8,153,False
Classes are being cancelled without prior notice.,academic,Anonymous,-,-,-,-,True
The washroom lights are not functioning on my floor.,hostel,Patricia Simmons,210791,2025UGCE565,2,425,False
Teacher is biased towards certain students.,academic,Michael Powell,208364,2021UGEE419,4,271,False
Mess food quality is very poor.,hostel,Guy Rowland,192359,2021UGME890,1,333,False
My scholarship has not been processed yet.,admin,David Walker,212063,2019UGME655,5,186,False
Our lab lacks proper equipment.,academic,Anonymous,-,-,-,-,True
My scholarship has not been processed yet.,admin,Donald Stewart,193878,2025UGME779,6,117,False
I haven't received my ID card.,admin,Thomas Wood,204619,2022UGEE231,3,237,False
Teacher is biased towards certain students.,academic,Anonymous,-,-,-,-,True
Fan is not working in my room.,hostel,James Williams,196070,2021UGCE951,3,146,False
There is a water leakage in the washroom.,hostel,James Valencia,205831,2023UGEE112,5,250,False
Wi-Fi is not working since 2 days.,hostel,Philip Turner,204511,2022UGCS906,2,119,False
Wi-Fi is not working since 2 days.,hostel,Sarah Allen,217280,2019UGCS128,7,332,False
Fan is not working in my room.,hostel,Kari Choi,219209,2019UGCS428,8,235,False
There is a delay in getting my documents verified.,admin,Christopher Hayes,192775,2024UGCS674,2,328,False
Wi-Fi is not working since 2 days.,hostel,Charles Lambert,196634,2021UGEE383,6,368,False
The washroom lights are not functioning on my floor.,hostel,Joseph Moreno,204144,2019UGEE299,1,201,False
The admin office is not responding to emails.,admin,Ryan Collins,208318,2018UGCE933,8,405,False
Wi-Fi is not working since 2 days.,hostel,Jenna Watson,215262,2019UGME673,1,284,False
My scholarship has not been processed yet.,admin,Erin Boyd,210900,2024UGCE142,1,412,False
Teacher is biased towards certain students.,academic,Danielle Conway,211107,2025UGME529,8,371,False
The washroom lights are not functioning on my floor.,hostel,Katherine Valdez,207228,2019UGEE392,5,182,False
I haven't received my ID card.,admin,Leslie Tate,209840,2018UGCE316,8,435,False
My scholarship has not been processed yet.,admin,Mario Jones,193858,2022UGCE934,5,224,False
Wi-Fi is not working since 2 days.,hostel,Amy Nixon MD,203193,2024UGCE286,4,302,False
The admin office is not responding to emails.,admin,David Mendez,195371,2024UGCS258,3,274,False
My scholarship has not been processed yet.,admin,Michael Garcia,206406,2024UGCE111,6,124,False
My scholarship has not been processed yet.,admin,Evan Armstrong,190988,2023UGCE537,6,254,False
There is a delay in getting my documents verified.,admin,Dr. Brian Larson DDS,219038,2019UGME751,8,267,False
Syllabus is not being completed on time.,academic,Anonymous,-,-,-,-,True
The admin office is not responding to emails.,admin,Dustin Gilmore,208500,2023UGCS796,1,126,False
Wi-Fi is not working since 2 days.,hostel,Wendy Reed,202495,2021UGCE649,2,192,False
Mess food quality is very poor.,hostel,Kenneth Long,198330,2023UGME356,7,281,False
The admin office is not responding to emails.,admin,Patricia Smith,207786,2020UGCS117,5,409,False
My scholarship has not been processed yet.,admin,Manuel Shields,217493,2021UGCE857,4,186,False
Classes are being cancelled without prior notice.,academic,Anonymous,-,-,-,-,True
The examination form portal is not working properly.,admin,Brendan Briggs,191823,2020UGCS664,1,150,False
There is a delay in getting my documents verified.,admin,Lisa Scott,207378,2024UGCS570,8,398,False
The admin office is not responding to emails.,admin,Shannon Morrison,196982,2025UGCE601,6,201,False
Mess food quality is very poor.,hostel,Nicole Warren,209929,2021UGEE279,4,117,False
The admin office is not responding to emails.,admin,Jeffrey Morales,196800,2023UGME812,5,306,False
Teacher humiliates students during class.,academic,Lori Moreno,197660,2018UGME530,6,382,False
My scholarship has not been processed yet.,admin,Wesley Williams,207237,2024UGME845,8,339,False
Wi-Fi is not working since 2 days.,hostel,Jessica Robinson,208490,2022UGEE340,6,263,False
Mess food quality is very poor.,hostel,Brittany Fleming,217810,2023UGME851,1,106,False
Teacher humiliates students during class.,academic,Anonymous,-,-,-,-,True
Classes are being cancelled without prior notice.,academic,Anonymous,-,-,-,-,True
There is a delay in getting my documents verified.,admin,Samuel Jacobs,217578,2023UGEE416,3,140,False
There is a delay in getting my documents verified.,admin,Ashley Beck,206371,2019UGEE904,6,147,False
Fan is not working in my room.,hostel,Danielle Martin,198708,2021UGEE173,7,109,False
I haven't received my ID card.,admin,Kimberly Richardson,219252,2019UGCE150,8,321,False
There is a water leakage in the washroom.,hostel,Crystal Barnett,219929,2021UGME333,6,244,False
There is a delay in getting my documents verified.,admin,Sean Kelly,218689,2025UGME456,7,195,False
Syllabus is not being completed on time.,academic,Anonymous,-,-,-,-,True
Our lab lacks proper equipment.,academic,Corey Powell,190720,2024UGEE726,7,289,False
Mess food quality is very poor.,hostel,Amy Holmes,190256,2024UGCE846,4,218,False
The washroom lights are not functioning on my floor.,hostel,Dawn Ward,201423,2022UGCE926,8,257,False
The washroom lights are not functioning on my floor.,hostel,Matthew Odonnell,190563,2025UGCE471,5,393,False
Mess food quality is very poor.,hostel,Dominique Mckay,192959,2021UGCE514,6,282,False
There is a water leakage in the washroom.,hostel,Melissa Good,216189,2019UGCE821,1,302,False
Teacher humiliates students during class.,academic,Anonymous,-,-,-,-,True
The examination form portal is not working properly.,admin,Stephanie Mejia,199310,2024UGEE523,2,172,False
There is a water leakage in the washroom.,hostel,Kristine Zimmerman,213244,2021UGME199,5,140,False
There is a delay in getting my documents verified.,admin,Kaitlin Li,216908,2025UGCE857,3,319,False
Teacher is biased towards certain students.,academic,Anonymous,-,-,-,-,True
Syllabus is not being completed on time.,academic,Dr. Scott Dominguez,199560,2019UGCE646,7,328,False
My scholarship has not been processed yet.,admin,Emily Clayton,209268,2025UGCS325,8,141,False
Teacher is biased towards certain students.,academic,Anonymous,-,-,-,-,True
The washroom lights are not functioning on my floor.,hostel,Michael Scott,193944,2021UGME208,6,225,False
The admin office is not responding to emails.,admin,Karen Wilson,192666,2024UGCS817,4,237,False
There is a water leakage in the washroom.,hostel,Joseph Phillips,212726,2024UGCS614,2,350,False
My scholarship has not been processed yet.,admin,Jennifer Griffith,213028,2022UGCS377,2,426,False
Fan is not working in my room.,hostel,Reginald Evans,210894,2020UGEE749,4,275,False
Teacher humiliates students during class.,academic,Elizabeth Clark,190607,2018UGME824,5,384,False
Our lab lacks proper equipment.,academic,Anonymous,-,-,-,-,True
I haven't received my ID card.,admin,Vincent Reed,197522,2020UGEE274,3,355,False
My scholarship has not been processed yet.,admin,Travis Martin,210098,2022UGME643,7,177,False
Wi-Fi is not working since 2 days.,hostel,Todd Lewis,218288,2018UGEE283,5,405,False
Syllabus is not being completed on time.,academic,Anonymous,-,-,-,-,True
Fan is not working in my room.,hostel,Rebecca Cannon,218593,2024UGEE763,8,151,False
The examination form portal is not working properly.,admin,Daniel Tran,211581,2025UGME134,8,288,False
Our lab lacks proper equipment.,academic,Anonymous,-,-,-,-,True
Teacher is biased towards certain students.,academic,Anonymous,-,-,-,-,True
Teacher humiliates students during class.,academic,Mary Bennett,204606,2024UGCS793,5,230,False
The washroom lights are not functioning on my floor.,hostel,Gregory Oliver,199675,2019UGME260,8,256,False
